﻿<?xml version="1.0" encoding="utf-8"?>
<BindingInfo xmlns:xsi="http://www.w3.org/2001/XMLSchema-instance" xmlns:xsd="http://www.w3.org/2001/XMLSchema" Assembly="Microsoft.BizTalk.Deployment, Version=3.0.1.0, Culture=neutral, PublicKeyToken=31bf3856ad364e35" Version="3.5.1.0" BindingStatus="NoBindings" BoundEndpoints="0" TotalEndpoints="0">
  <Timestamp>2012-07-07T01:15:15.9498815-05:00</Timestamp>
  <ModuleRefCollection>
    <ModuleRef Name="[Application:NirjalBiztalkApp]" Version="" Culture="" PublicKeyToken="" FullName="[Application:NirjalBiztalkApp], Version=, Culture=, PublicKeyToken=">
      <Services />
      <TrackedSchemas />
    </ModuleRef>
  </ModuleRefCollection>
	<SendPortCollection>
		<SendPort Name="CallSFTP" IsStatic="true" IsTwoWay="false" BindingOption="0">
			<Description xsi:nil="true" />
			<TransmitPipeline Name="VIP_Common_Snd_XML_Pipeline.VIP_Common_Snd_XML_Pipeline" FullyQualifiedName="VIP_Common_Snd_XML_Pipeline.VIP_Common_Snd_XML_Pipeline, VIP_Common_Snd_XML_Pipeline, Version=1.0.0.0, Culture=neutral, PublicKeyToken=797eab23077d9a1f" Type="2" TrackingOption="None" Description="" />
			<PrimaryTransport>
				<Address>http://localhost:24706/WinSCPService.svc</Address>
				<TransportType Name="WCF-Custom" Capabilities="907" ConfigurationClsid="af081f69-38ca-4d5b-87df-f0344b12557a" />
				<TransportTypeData>&lt;CustomProps&gt;&lt;BindingType vt="8"&gt;basicHttpBinding&lt;/BindingType&gt;&lt;BindingConfiguration vt="8"&gt;&amp;lt;binding name="basicHttpBinding" /&amp;gt;&lt;/BindingConfiguration&gt;&lt;InboundBodyPathExpression vt="8" /&gt;&lt;OutboundBodyLocation vt="8"&gt;UseBodyElement&lt;/OutboundBodyLocation&gt;&lt;AffiliateApplicationName vt="8" /&gt;&lt;StaticAction vt="8"&gt;http://NirjalBiztalkApp.CallSFTP/IWinSCPService/Call&lt;/StaticAction&gt;&lt;ProxyUserName vt="8" /&gt;&lt;ProxyAddress vt="8" /&gt;&lt;UserName vt="8" /&gt;&lt;InboundBodyLocation vt="8"&gt;UseBodyElement&lt;/InboundBodyLocation&gt;&lt;EndpointBehaviorConfiguration vt="8"&gt;&amp;lt;behavior name="EndpointBehavior" /&amp;gt;&lt;/EndpointBehaviorConfiguration&gt;&lt;OutboundXmlTemplate vt="8"&gt;&amp;lt;bts-msg-body xmlns="http://www.microsoft.com/schemas/bts2007" encoding="xml"/&amp;gt;&lt;/OutboundXmlTemplate&gt;&lt;PropagateFaultMessage vt="11"&gt;-1&lt;/PropagateFaultMessage&gt;&lt;InboundNodeEncoding vt="8"&gt;Xml&lt;/InboundNodeEncoding&gt;&lt;IsolationLevel vt="8"&gt;Serializable&lt;/IsolationLevel&gt;&lt;UseSSO vt="11"&gt;0&lt;/UseSSO&gt;&lt;EnableTransaction vt="11"&gt;-1&lt;/EnableTransaction&gt;&lt;/CustomProps&gt;</TransportTypeData>
				<RetryCount>3</RetryCount>
				<RetryInterval>5</RetryInterval>
				<ServiceWindowEnabled>false</ServiceWindowEnabled>
				<FromTime>2000-01-01T23:00:00</FromTime>
				<ToTime>2000-01-01T22:59:59</ToTime>
				<Primary>true</Primary>
				<OrderedDelivery>false</OrderedDelivery>
				<DeliveryNotification>1</DeliveryNotification>
				<SendHandler Name="Snd_Default_64_SE" HostTrusted="true">
					<TransportType Name="WCF-Custom" Capabilities="907" ConfigurationClsid="af081f69-38ca-4d5b-87df-f0344b12557a" />
				</SendHandler>
			</PrimaryTransport>
			<SecondaryTransport>
				<Address />
				<RetryCount>3</RetryCount>
				<RetryInterval>5</RetryInterval>
				<ServiceWindowEnabled>false</ServiceWindowEnabled>
				<FromTime>2000-01-01T23:00:00</FromTime>
				<ToTime>2000-01-01T22:59:59</ToTime>
				<Primary>false</Primary>
				<OrderedDelivery>false</OrderedDelivery>
				<DeliveryNotification>1</DeliveryNotification>
				<SendHandler xsi:nil="true" />
			</SecondaryTransport>
			<ReceivePipelineData xsi:nil="true" />
			<Tracking>192</Tracking>
			<Filter>&lt;?xml version="1.0" encoding="utf-16"?&gt;
				&lt;Filter xmlns:xsi="http://www.w3.org/2001/XMLSchema-instance" xmlns:xsd="http://www.w3.org/2001/XMLSchema"&gt;
				&lt;Group&gt;
				&lt;Statement Property="BTS.ReceivePortName" Operator="0" Value="ReceiveSchedule" /&gt;
				&lt;/Group&gt;
				&lt;/Filter&gt;
			</Filter>
			<Transforms />
			<OrderedDelivery>false</OrderedDelivery>
			<Priority>5</Priority>
			<StopSendingOnFailure>false</StopSendingOnFailure>
			<RouteFailedMessage>false</RouteFailedMessage>
			<ApplicationName>NirjalBiztalkApp</ApplicationName>
		</SendPort>
	</SendPortCollection>
	<DistributionListCollection />
	<ReceivePortCollection>		
	</ReceivePortCollection>
  <PartyCollection xsi:nil="true" />
</BindingInfo>